{
    "D": 20,
    "U": 0.1,
    "NU": 0.02,
    "M": 3141.5926535897934,
    "K": 0.13642761739331924,
    "C": 0.0,
    "NX": 300,
    "NY": 200,
    "X_CYLINDER": 100.0,
    "Y_CYLINDER": 100.0,
    "N_MARKER": 30,
    "TM": 100000
}