{
    "D": 40,
    "U": 0.1,
    "NU": 0.02,
    "M": 3141.5926535897934,
    "K": 0.13642761739331924,
    "C": 0.0,
    "NX": 800,
    "NY": 300,
    "X_CYLINDER": 100.0,
    "Y_CYLINDER": 150.0,
    "N_MARKER": 100,
    "TM": 200000
}